{
    "data2": {
      "labels": ["Jan", "Feb", "Mar", "Apr", "May", "June", 
                 "July", "Aug", "Sep", "Oct", "Nov", "Dec"],
      "datasets": [
        {
          "label": "Employee",
          "data": [400, 500, 650, 900, 800, 950, 900, 900, 850, 700, 600, 550],
          "borderColor": "#FF6C40",
          "tension": 0.4
        },
        {   
          "label": "Employee",
          "data": [300, 350, 450, 650, 750, 700, 750, 850, 700, 650, 550, 500],
          "borderColor": "#2CD9C5",
          "tension": 0.4
        },
        {
          "label": "Employee",
          "data": [200, 250, 300, 450, 500, 550, 650, 700, 630, 450, 450, 400],
          "borderColor": "#FFE700",
          "tension": 0.4
        }
      ]
    }
  }  